{"cameraMode":{"drawMode":0,"name":"Shaded","section":"Shading Mode"},"sceneLighting":true,"audioPlay":false,"sceneViewState":{"m_AlwaysRefresh":false,"showFog":true,"showSkybox":true,"showFlares":true,"showImageEffects":true,"showParticleSystems":true,"showVisualEffectGraphs":true,"m_FxEnabled":true},"in2DMode":false,"pivot":{"x":-1.668684959411621,"y":0.6908550262451172,"z":0.7680435180664063},"rotation":{"x":-0.30005866289138796,"y":-0.018030282109975816,"z":0.005672203842550516,"w":-0.9537373781204224},"size":11.33944034576416,"orthographic":false}